{"Qubit1": {"RX": {"Single": {"GATE_ERROR_MEAN": 0.00036869214436314205, "GATE_ERROR_MODE": 4.167169689511807e-06, "MEAS0_ERR_MEAN": 0.981392021880738, "MEAS0_ERR_MODE": 0.967228760609296, "MEAS1_ERR_MEAN": 0.9815130387031163, "MEAS1_ERR_MODE": 0.9677143215704972}}}, "Qubit2": {"RX": {"Single": {"GATE_ERROR_MEAN": 0.0008507189029804863, "GATE_ERROR_MODE": 9.224185281431208e-07, "MEAS0_ERR_MEAN": 0.9536757533968265, "MEAS0_ERR_MODE": 0.9221082367656845, "MEAS1_ERR_MEAN": 0.9546350075069646, "MEAS1_ERR_MODE": 0.9276335323274691}}}, "Qubit3": {"RX": {"Single": {"GATE_ERROR_MEAN": 0.0006412429576853246, "GATE_ERROR_MODE": 4.3478106656197335e-06, "MEAS0_ERR_MEAN": 0.982079743583263, "MEAS0_ERR_MODE": 0.9604010940670874, "MEAS1_ERR_MEAN": 0.9841066636149403, "MEAS1_ERR_MODE": 0.9633610515051333}}}}