{"Qubit1": {"RX": {"Single": {"GATE_ERROR_MEAN": 0.0004247233113463439, "GATE_ERROR_MODE": 8.558471798175704e-06, "MEAS0_ERR_MEAN": 0.9816920325463483, "MEAS0_ERR_MODE": 0.9696837458539275, "MEAS1_ERR_MEAN": 0.9818089159602204, "MEAS1_ERR_MODE": 0.9675091824838651}}}, "Qubit2": {"RX": {"Single": {"GATE_ERROR_MEAN": 0.0008765601085576423, "GATE_ERROR_MODE": 4.6763903418650665e-06, "MEAS0_ERR_MEAN": 0.9533469027835927, "MEAS0_ERR_MODE": 0.9198069787804957, "MEAS1_ERR_MEAN": 0.9555116008133472, "MEAS1_ERR_MODE": 0.9223639874441332}}}, "Qubit3": {"RX": {"Single": {"GATE_ERROR_MEAN": 0.0006671208165459446, "GATE_ERROR_MODE": 1.2309099397020407e-05, "MEAS0_ERR_MEAN": 0.9807152980101044, "MEAS0_ERR_MODE": 1.0, "MEAS1_ERR_MEAN": 0.9836486739937793, "MEAS1_ERR_MODE": 0.9609076399084173}}}}