{"Qubit1": {"RX": {"Single": {"GATE_ERROR_MEAN": 0.00034094289182027247, "GATE_ERROR_MODE": 4.0455783657041174e-07, "MEAS0_ERR_MEAN": 0.9810666039926348, "MEAS0_ERR_MODE": 0.9597719111004496, "MEAS1_ERR_MEAN": 0.9816517075701225, "MEAS1_ERR_MODE": 0.9651614116075036}}}, "Qubit2": {"RX": {"Single": {"GATE_ERROR_MEAN": 0.0007372890113140797, "GATE_ERROR_MODE": 5.120692609386027e-07, "MEAS0_ERR_MEAN": 0.9530718349474756, "MEAS0_ERR_MODE": 0.9162697845149443, "MEAS1_ERR_MEAN": 0.9563692048979968, "MEAS1_ERR_MODE": 0.9228177531331098}}}, "Qubit3": {"RX": {"Single": {"GATE_ERROR_MEAN": 0.0005590940607505795, "GATE_ERROR_MODE": 9.512795429750427e-07, "MEAS0_ERR_MEAN": 0.9818142452005532, "MEAS0_ERR_MODE": 1.0, "MEAS1_ERR_MEAN": 0.9836374689718563, "MEAS1_ERR_MODE": 1.0}}}}