{"Qubit1": {"RX": {"Single": {"GATE_ERROR_MEAN": 0.00045088125109006804, "GATE_ERROR_MODE": 2.618568697704271e-05, "MEAS0_ERR_MEAN": 0.9821431273268386, "MEAS0_ERR_MODE": 0.9669585876296934, "MEAS1_ERR_MEAN": 0.9806221257529989, "MEAS1_ERR_MODE": 0.968748797902593}}}, "Qubit2": {"RX": {"Single": {"GATE_ERROR_MEAN": 0.0008825185270243379, "GATE_ERROR_MODE": 2.9376067618158697e-06, "MEAS0_ERR_MEAN": 0.9525345923857595, "MEAS0_ERR_MODE": 0.9236752644362958, "MEAS1_ERR_MEAN": 0.9549539939770272, "MEAS1_ERR_MODE": 0.9279789940535405}}}, "Qubit3": {"RX": {"Single": {"GATE_ERROR_MEAN": 0.0006319942049217446, "GATE_ERROR_MODE": 1.847700697005239e-05, "MEAS0_ERR_MEAN": 0.9839277311713003, "MEAS0_ERR_MODE": 0.9631067399505121, "MEAS1_ERR_MEAN": 0.9827931590480434, "MEAS1_ERR_MODE": 0.9580457558283983}}}}