{"Qubit1": {"RX": {"Single": {"GATE_ERROR_MEAN": 0.00040391116561085805, "GATE_ERROR_MODE": 1.8656251441900862e-05, "MEAS0_ERR_MEAN": 0.9795751639654244, "MEAS0_ERR_MODE": 0.9614946717110817, "MEAS1_ERR_MEAN": 0.9814329212238241, "MEAS1_ERR_MODE": 0.9662678243542995}}}, "Qubit2": {"RX": {"Single": {"GATE_ERROR_MEAN": 0.0008507081342700775, "GATE_ERROR_MODE": 1.9531109867090835e-05, "MEAS0_ERR_MEAN": 0.952461217215873, "MEAS0_ERR_MODE": 0.922249424757829, "MEAS1_ERR_MEAN": 0.9559684176306169, "MEAS1_ERR_MODE": 0.9249518163462054}}}, "Qubit3": {"RX": {"Single": {"GATE_ERROR_MEAN": 0.0006384258755574224, "GATE_ERROR_MODE": 1.3095080424380123e-05, "MEAS0_ERR_MEAN": 0.9821539906762133, "MEAS0_ERR_MODE": 1.0, "MEAS1_ERR_MEAN": 0.9832148133022014, "MEAS1_ERR_MODE": 0.9624612191014527}}}}