{"Qubit1": {"RX": {"Single": {"GATE_ERROR_MEAN": 0.00038432767696478805, "GATE_ERROR_MODE": 4.249458166816558e-08, "MEAS0_ERR_MEAN": 0.9810375630225489, "MEAS0_ERR_MODE": 0.9613258572053017, "MEAS1_ERR_MEAN": 0.9812987497029323, "MEAS1_ERR_MODE": 0.9654091825222818}}}, "Qubit2": {"RX": {"Single": {"GATE_ERROR_MEAN": 0.0008079600692765179, "GATE_ERROR_MODE": 5.446597187452364e-07, "MEAS0_ERR_MEAN": 0.9528647225455469, "MEAS0_ERR_MODE": 0.9156869286848262, "MEAS1_ERR_MEAN": 0.9552834803671036, "MEAS1_ERR_MODE": 0.9212756656736629}}}, "Qubit3": {"RX": {"Single": {"GATE_ERROR_MEAN": 0.0006079066841909492, "GATE_ERROR_MODE": 8.092980173081497e-07, "MEAS0_ERR_MEAN": 0.9819094171182314, "MEAS0_ERR_MODE": 1.0, "MEAS1_ERR_MEAN": 0.9830123174764175, "MEAS1_ERR_MODE": 0.9557417114729022}}}}