{"Qubit1": {"RX": {"Single": {"GATE_ERROR_MEAN": 0.00040492523346349326, "GATE_ERROR_MODE": 6.4396208707129254e-06, "MEAS0_ERR_MEAN": 0.9811840807636462, "MEAS0_ERR_MODE": 0.9666615104520124, "MEAS1_ERR_MEAN": 0.981046749408982, "MEAS1_ERR_MODE": 0.9661006189371902}}}, "Qubit2": {"RX": {"Single": {"GATE_ERROR_MEAN": 0.0007860668353768842, "GATE_ERROR_MODE": 7.896440688687223e-07, "MEAS0_ERR_MEAN": 0.95452662720844, "MEAS0_ERR_MODE": 0.9224314682842183, "MEAS1_ERR_MEAN": 0.9541769720088212, "MEAS1_ERR_MODE": 0.9307845198372261}}}, "Qubit3": {"RX": {"Single": {"GATE_ERROR_MEAN": 0.0006605225468711403, "GATE_ERROR_MODE": 9.257843605892102e-07, "MEAS0_ERR_MEAN": 0.9816735549276684, "MEAS0_ERR_MODE": 0.956057196865972, "MEAS1_ERR_MEAN": 0.9831523013758864, "MEAS1_ERR_MODE": 0.9630857524925281}}}}