{"Qubit1": {"RX": {"Single": {"GATE_ERROR_MEAN": 0.00038778192258208757, "GATE_ERROR_MODE": 5.260410698300876e-07, "MEAS0_ERR_MEAN": 0.9805509718243983, "MEAS0_ERR_MODE": 0.9600543449606512, "MEAS1_ERR_MEAN": 0.9821979691574879, "MEAS1_ERR_MODE": 0.9679572491636924}}}, "Qubit2": {"RX": {"Single": {"GATE_ERROR_MEAN": 0.000814826594551022, "GATE_ERROR_MODE": 8.103702638726689e-06, "MEAS0_ERR_MEAN": 0.9535473233951669, "MEAS0_ERR_MODE": 0.9208113223212517, "MEAS1_ERR_MEAN": 0.9554166302140897, "MEAS1_ERR_MODE": 0.9294725868366313}}}, "Qubit3": {"RX": {"Single": {"GATE_ERROR_MEAN": 0.0005914327024807195, "GATE_ERROR_MODE": 6.062727966509376e-07, "MEAS0_ERR_MEAN": 0.982303567448264, "MEAS0_ERR_MODE": 0.9511937267972677, "MEAS1_ERR_MEAN": 0.9831114716004253, "MEAS1_ERR_MODE": 0.9603405571644974}}}}