{"Qubit1": {"RX": {"Single": {"GATE_ERROR_MEAN": 0.00043412198978541003, "GATE_ERROR_MODE": 1.2712819649207674e-05, "MEAS0_ERR_MEAN": 0.9816363471035993, "MEAS0_ERR_MODE": 0.9670873632388571, "MEAS1_ERR_MEAN": 0.9822097854558619, "MEAS1_ERR_MODE": 0.9703268225895193}}}, "Qubit2": {"RX": {"Single": {"GATE_ERROR_MEAN": 0.0008569079044695482, "GATE_ERROR_MODE": 1.1895533665595703e-06, "MEAS0_ERR_MEAN": 0.9522513285988207, "MEAS0_ERR_MODE": 0.9186952501163583, "MEAS1_ERR_MEAN": 0.9547519745842431, "MEAS1_ERR_MODE": 0.9204003416553466}}}, "Qubit3": {"RX": {"Single": {"GATE_ERROR_MEAN": 0.000626452700027467, "GATE_ERROR_MODE": 6.655710165087703e-06, "MEAS0_ERR_MEAN": 0.9808946796172123, "MEAS0_ERR_MODE": 0.9618119655670528, "MEAS1_ERR_MEAN": 0.9823554817629331, "MEAS1_ERR_MODE": 0.9588669665845011}}}}