{"Qubit1": {"RX": {"Single": {"GATE_ERROR_MEAN": 0.000341779181233122, "GATE_ERROR_MODE": 6.194670279686953e-08, "MEAS0_ERR_MEAN": 0.9812194501598621, "MEAS0_ERR_MODE": 0.9594145632372454, "MEAS1_ERR_MEAN": 0.9823069054891151, "MEAS1_ERR_MODE": 0.9649114320580595}}}, "Qubit2": {"RX": {"Single": {"GATE_ERROR_MEAN": 0.0007478990277958545, "GATE_ERROR_MODE": 3.4424804118415864e-08, "MEAS0_ERR_MEAN": 0.9531337914727924, "MEAS0_ERR_MODE": 0.912323926592418, "MEAS1_ERR_MEAN": 0.9588948590978523, "MEAS1_ERR_MODE": 0.9261984760812147}}}, "Qubit3": {"RX": {"Single": {"GATE_ERROR_MEAN": 0.0005176039328106688, "GATE_ERROR_MODE": 3.115724739278722e-08, "MEAS0_ERR_MEAN": 0.981817296739745, "MEAS0_ERR_MODE": 1.0, "MEAS1_ERR_MEAN": 0.984531076235364, "MEAS1_ERR_MODE": 1.0}}}}