{"Qubit1": {"RX": {"Single": {"GATE_ERROR_MEAN": 0.0003447391608334461, "GATE_ERROR_MODE": 2.6695165017106073e-08, "MEAS0_ERR_MEAN": 0.981060207384164, "MEAS0_ERR_MODE": 0.9609010502583301, "MEAS1_ERR_MEAN": 0.9816038648576841, "MEAS1_ERR_MODE": 0.9649336916369603}}}, "Qubit2": {"RX": {"Single": {"GATE_ERROR_MEAN": 0.0007019250692881852, "GATE_ERROR_MODE": 1.3095243745018387e-07, "MEAS0_ERR_MEAN": 0.9530100778973845, "MEAS0_ERR_MODE": 0.915699334934993, "MEAS1_ERR_MEAN": 0.9557051038494415, "MEAS1_ERR_MODE": 0.9216374280487409}}}, "Qubit3": {"RX": {"Single": {"GATE_ERROR_MEAN": 0.0005344457819399275, "GATE_ERROR_MODE": 1.472237182228043e-07, "MEAS0_ERR_MEAN": 0.9819009072042949, "MEAS0_ERR_MODE": 1.0, "MEAS1_ERR_MEAN": 0.9832929397213952, "MEAS1_ERR_MODE": 1.0}}}}