{"Qubit1": {"RX": {"Single": {"GATE_ERROR_MEAN": 0.0004187866714268596, "GATE_ERROR_MODE": 1.3757817163700947e-06, "MEAS0_ERR_MEAN": 0.9811379209420825, "MEAS0_ERR_MODE": 0.9621478049317284, "MEAS1_ERR_MEAN": 0.9819066730913008, "MEAS1_ERR_MODE": 0.9684889971871782}}}, "Qubit2": {"RX": {"Single": {"GATE_ERROR_MEAN": 0.0009166391388787371, "GATE_ERROR_MODE": 2.1629487671412373e-05, "MEAS0_ERR_MEAN": 0.9534329601595505, "MEAS0_ERR_MODE": 0.9284772689310966, "MEAS1_ERR_MEAN": 0.9561174681069002, "MEAS1_ERR_MODE": 0.923907765820947}}}, "Qubit3": {"RX": {"Single": {"GATE_ERROR_MEAN": 0.0006380883754498025, "GATE_ERROR_MODE": 7.5558813787957035e-06, "MEAS0_ERR_MEAN": 0.9806772225645454, "MEAS0_ERR_MODE": 0.9601126443191933, "MEAS1_ERR_MEAN": 0.9833530653632656, "MEAS1_ERR_MODE": 0.961840760924455}}}}