{"Qubit1": {"RX": {"Single": {"GATE_ERROR_MEAN": 0.00038466089767300347, "GATE_ERROR_MODE": 3.655149151959858e-07, "MEAS0_ERR_MEAN": 0.9810486230450297, "MEAS0_ERR_MODE": 0.9650598763447156, "MEAS1_ERR_MEAN": 0.9808938991967637, "MEAS1_ERR_MODE": 0.9692243638984035}}}, "Qubit2": {"RX": {"Single": {"GATE_ERROR_MEAN": 0.0008192236110406951, "GATE_ERROR_MODE": 5.480333102825252e-06, "MEAS0_ERR_MEAN": 0.9536542165404638, "MEAS0_ERR_MODE": 0.9176328009005376, "MEAS1_ERR_MEAN": 0.9529843967973947, "MEAS1_ERR_MODE": 0.9272639487931296}}}, "Qubit3": {"RX": {"Single": {"GATE_ERROR_MEAN": 0.0006367079564975184, "GATE_ERROR_MODE": 9.735266850080526e-06, "MEAS0_ERR_MEAN": 0.9828022855541785, "MEAS0_ERR_MODE": 0.9500926897647392, "MEAS1_ERR_MEAN": 0.9826902642207666, "MEAS1_ERR_MODE": 0.960192180828733}}}}