{"Qubit1": {"RX": {"Single": {"GATE_ERROR_MEAN": 0.0004080742961504275, "GATE_ERROR_MODE": 1.1516600122635223e-05, "MEAS0_ERR_MEAN": 0.9830655195887232, "MEAS0_ERR_MODE": 0.9700503739265997, "MEAS1_ERR_MEAN": 0.9817569988356866, "MEAS1_ERR_MODE": 0.9702566977347464}}}, "Qubit2": {"RX": {"Single": {"GATE_ERROR_MEAN": 0.0008522778287594674, "GATE_ERROR_MODE": 1.0399139210567898e-05, "MEAS0_ERR_MEAN": 0.9539074745501921, "MEAS0_ERR_MODE": 0.9231670590080097, "MEAS1_ERR_MEAN": 0.955703777038135, "MEAS1_ERR_MODE": 0.9216509620590144}}}, "Qubit3": {"RX": {"Single": {"GATE_ERROR_MEAN": 0.0006203033502959624, "GATE_ERROR_MODE": 8.71066562194156e-06, "MEAS0_ERR_MEAN": 0.9820629644220618, "MEAS0_ERR_MODE": 0.9609759499564238, "MEAS1_ERR_MEAN": 0.9827502763843659, "MEAS1_ERR_MODE": 0.9563402068094166}}}}