{"Qubit1": {"RX": {"Single": {"GATE_ERROR_MEAN": 0.0003767822537367279, "GATE_ERROR_MODE": 2.557417207592295e-06, "MEAS0_ERR_MEAN": 0.9810086114320006, "MEAS0_ERR_MODE": 0.9629247296210911, "MEAS1_ERR_MEAN": 0.981204708708515, "MEAS1_ERR_MODE": 0.9674982058108372}}}, "Qubit2": {"RX": {"Single": {"GATE_ERROR_MEAN": 0.0008165622242845118, "GATE_ERROR_MODE": 3.4583569186457004e-06, "MEAS0_ERR_MEAN": 0.9534239650129445, "MEAS0_ERR_MODE": 0.9160757396435611, "MEAS1_ERR_MEAN": 0.9547475070427404, "MEAS1_ERR_MODE": 0.9279196895679442}}}, "Qubit3": {"RX": {"Single": {"GATE_ERROR_MEAN": 0.0006096326947778849, "GATE_ERROR_MODE": 2.787813268806654e-06, "MEAS0_ERR_MEAN": 0.9821948382778578, "MEAS0_ERR_MODE": 1.0, "MEAS1_ERR_MEAN": 0.982671541724223, "MEAS1_ERR_MODE": 0.9542906881714025}}}}