{"Qubit1": {"RX": {"Single": {"GATE_ERROR_MEAN": 0.0003863442547980778, "GATE_ERROR_MODE": 1.8418247548076735e-07, "MEAS0_ERR_MEAN": 0.9812842592035201, "MEAS0_ERR_MODE": 0.9636583709075975, "MEAS1_ERR_MEAN": 0.9812167777950291, "MEAS1_ERR_MODE": 0.9677493160013685}}}, "Qubit2": {"RX": {"Single": {"GATE_ERROR_MEAN": 0.0007970337326058125, "GATE_ERROR_MODE": 7.112638988340195e-07, "MEAS0_ERR_MEAN": 0.9530823836565745, "MEAS0_ERR_MODE": 0.9228436859511905, "MEAS1_ERR_MEAN": 0.9556245744304888, "MEAS1_ERR_MODE": 0.9267982086170203}}}, "Qubit3": {"RX": {"Single": {"GATE_ERROR_MEAN": 0.0005984857905847672, "GATE_ERROR_MODE": 1.182652140622499e-06, "MEAS0_ERR_MEAN": 0.9820298644174623, "MEAS0_ERR_MODE": 0.960601226335058, "MEAS1_ERR_MEAN": 0.9832345872321647, "MEAS1_ERR_MODE": 0.9598799654001875}}}}