{"Qubit1": {"RX": {"Single": {"GATE_ERROR_MEAN": 0.00041617071567510576, "GATE_ERROR_MODE": 1.7104712489641495e-07, "MEAS0_ERR_MEAN": 0.9815735257746013, "MEAS0_ERR_MODE": 0.9624901182383833, "MEAS1_ERR_MEAN": 0.9816183198779612, "MEAS1_ERR_MODE": 0.9680486075810599}}}, "Qubit2": {"RX": {"Single": {"GATE_ERROR_MEAN": 0.0008044579245096786, "GATE_ERROR_MODE": 6.165633509500317e-07, "MEAS0_ERR_MEAN": 0.9527050389610258, "MEAS0_ERR_MODE": 0.9177837055950152, "MEAS1_ERR_MEAN": 0.955230741159855, "MEAS1_ERR_MODE": 0.9279334663582317}}}, "Qubit3": {"RX": {"Single": {"GATE_ERROR_MEAN": 0.0006041864803704258, "GATE_ERROR_MODE": 4.802553610936105e-06, "MEAS0_ERR_MEAN": 0.9824326443092879, "MEAS0_ERR_MODE": 1.0, "MEAS1_ERR_MEAN": 0.9827784946444789, "MEAS1_ERR_MODE": 0.9550283730502795}}}}