{"Qubit1": {"RX": {"Single": {"GATE_ERROR_MEAN": 0.00034644530417704544, "GATE_ERROR_MODE": 2.4324161702069316e-07, "MEAS0_ERR_MEAN": 0.9811890369340509, "MEAS0_ERR_MODE": 0.9609010502583301, "MEAS1_ERR_MEAN": 0.9815041741347938, "MEAS1_ERR_MODE": 0.9656656223017618}}}, "Qubit2": {"RX": {"Single": {"GATE_ERROR_MEAN": 0.0007070365535715916, "GATE_ERROR_MODE": 4.602489012245879e-07, "MEAS0_ERR_MEAN": 0.9531041197393003, "MEAS0_ERR_MODE": 0.9177655536775355, "MEAS1_ERR_MEAN": 0.9559202498374227, "MEAS1_ERR_MODE": 0.9233259773110268}}}, "Qubit3": {"RX": {"Single": {"GATE_ERROR_MEAN": 0.0005569925600952687, "GATE_ERROR_MODE": 9.176100117160718e-08, "MEAS0_ERR_MEAN": 0.9813294508755768, "MEAS0_ERR_MODE": 1.0, "MEAS1_ERR_MEAN": 0.9835596203614309, "MEAS1_ERR_MODE": 1.0}}}}