{"Qubit1": {"RX": {"Single": {"GATE_ERROR_MEAN": 0.0003420391874889224, "GATE_ERROR_MODE": 5.167837684085658e-08, "MEAS0_ERR_MEAN": 0.9812397497151828, "MEAS0_ERR_MODE": 0.9601808728114819, "MEAS1_ERR_MEAN": 0.9824519086319008, "MEAS1_ERR_MODE": 0.9666487128298757}}}, "Qubit2": {"RX": {"Single": {"GATE_ERROR_MEAN": 0.0007439776231492513, "GATE_ERROR_MODE": 1.880324825183355e-08, "MEAS0_ERR_MEAN": 0.9531346906903693, "MEAS0_ERR_MODE": 0.912323926592418, "MEAS1_ERR_MEAN": 0.9587508948544139, "MEAS1_ERR_MODE": 0.9251475595836484}}}, "Qubit3": {"RX": {"Single": {"GATE_ERROR_MEAN": 0.0005143231486205853, "GATE_ERROR_MODE": 1.4282433202154714e-07, "MEAS0_ERR_MEAN": 0.9817234953195751, "MEAS0_ERR_MODE": 1.0, "MEAS1_ERR_MEAN": 0.9846021149294691, "MEAS1_ERR_MODE": 1.0}}}}