{"Qubit1": {"RX": {"Single": {"GATE_ERROR_MEAN": 0.0003426024938830275, "GATE_ERROR_MODE": 2.9486407651701033e-08, "MEAS0_ERR_MEAN": 0.9811392162985806, "MEAS0_ERR_MODE": 0.9594208343388837, "MEAS1_ERR_MEAN": 0.982349022311886, "MEAS1_ERR_MODE": 0.9642814653998372}}}, "Qubit2": {"RX": {"Single": {"GATE_ERROR_MEAN": 0.0007409034690368941, "GATE_ERROR_MODE": 1.1376128524766792e-07, "MEAS0_ERR_MEAN": 0.9531727092888719, "MEAS0_ERR_MODE": 0.915699334934993, "MEAS1_ERR_MEAN": 0.958735592123058, "MEAS1_ERR_MODE": 0.9229093592293262}}}, "Qubit3": {"RX": {"Single": {"GATE_ERROR_MEAN": 0.0005181578779589588, "GATE_ERROR_MODE": 1.6132329546227411e-07, "MEAS0_ERR_MEAN": 0.9818439260440663, "MEAS0_ERR_MODE": 1.0, "MEAS1_ERR_MEAN": 0.9846389953229939, "MEAS1_ERR_MODE": 1.0}}}}