{"Qubit1": {"e0_mean": 0.01659188504697513, "e0_mode": 0.011558997678418954}, "Qubit2": {"e0_mean": 0.009999907307059503, "e0_mode": 0.006466047774025576}, "Qubit3": {"e0_mean": 0.010246159560888438, "e0_mode": 0.006899154465748799}, "Qubit4": {"e0_mean": 0.012441464628072727, "e0_mode": 0.008505128923020785}, "Qubit5": {"e0_mean": 0.01914501597778262, "e0_mode": 0.013926776359096404}, "Qubit6": {"e0_mean": 0.012695988166967678, "e0_mode": 0.008946254191160925}, "Qubit7": {"e0_mean": 0.02199255463754851, "e0_mode": 0.01685085438808681}, "Qubit8": {"e0_mean": 0.009380033699887094, "e0_mode": 0.0058723425641564716}, "Qubit9": {"e0_mean": 0.018546656668846247, "e0_mode": 0.013995608880805642}, "Qubit10": {"e0_mean": 0.014752738409462018, "e0_mode": 0.010102967204445508}, "Qubit11": {"e0_mean": 0.017806606917193855, "e0_mode": 0.013201754282411209}, "Qubit12": {"e0_mean": 0.007348651561662795, "e0_mode": 0.004480633673951205}, "Qubit13": {"e0_mean": 0.013818293641916604, "e0_mode": 0.009770067091342188}, "Qubit14": {"e0_mean": 0.010629180341273341, "e0_mode": 0.007108464832246433}, "Qubit15": {"e0_mean": 0.010013542224983355, "e0_mode": 0.006466422562588515}, "Qubit16": {"e0_mean": 0.01881890952267698, "e0_mode": 0.014060841194648453}, "Qubit17": {"e0_mean": 0.016221984431335133, "e0_mode": 0.011932433381853067}, "Qubit18": {"e0_mean": 0.00620871104774708, "e0_mode": 0.0037589797140856044}, "Qubit19": {"e0_mean": 0.013433966137432777, "e0_mode": 0.00923247810440558}, "Qubit20": {"e0_mean": 0.013293147695690167, "e0_mode": 0.00899816111507716}, "Qubit21": {"e0_mean": 0.013289427370818802, "e0_mode": 0.009480705910274792}, "Qubit22": {"e0_mean": 0.020020930374920982, "e0_mode": 0.01466541306958275}, "Qubit23": {"e0_mean": 0.022948975787971733, "e0_mode": 0.017446734610829517}, "Qubit24": {"e0_mean": 0.008639886662082865, "e0_mode": 0.005527077991279179}, "Qubit25": {"e0_mean": 0.016711053758762032, "e0_mode": 0.01166845225993221}, "Qubit26": {"e0_mean": 0.012944052811687019, "e0_mode": 0.00885073228756647}, "Qubit27": {"e0_mean": 0.017192455532934258, "e0_mode": 0.012402085133849189}, "Qubit28": {"e0_mean": 0.03310218224965973, "e0_mode": 0.024918993557335074}, "Qubit29": {"e0_mean": 0.03159880658219223, "e0_mode": 0.02447218760534965}, "Qubit30": {"e0_mean": 0.020989452926484114, "e0_mode": 0.015318849859313957}, "Qubit31": {"e0_mean": 0.033331749233803214, "e0_mode": 0.026612335425571405}, "Qubit32": {"e0_mean": 0.014751625210693349, "e0_mode": 0.01075786210137231}, "Qubit33": {"e0_mean": 0.00857609827491137, "e0_mode": 0.005745846168489065}, "Qubit34": {"e0_mean": 0.0054768925973851055, "e0_mode": 0.0028686390333306326}, "Qubit35": {"e0_mean": 0.013287855897829966, "e0_mode": 0.008819793195468651}, "Qubit36": {"e0_mean": 0.030061728943955347, "e0_mode": 0.024994135361571294}, "Qubit37": {"e0_mean": 0.014020014386470677, "e0_mode": 0.010070226604941253}, "Qubit38": {"e0_mean": 0.038352781632597234, "e0_mode": 0.031358046758463404}, "Qubit39": {"e0_mean": 0.020129622530353355, "e0_mode": 0.014331500888543746}, "Qubit40": {"e0_mean": 0.009871940685949173, "e0_mode": 0.0066817789594521395}, "Qubit41": {"e0_mean": 0.016713186986943313, "e0_mode": 0.012014729574747585}, "Qubit42": {"e0_mean": 0.012571876003053043, "e0_mode": 0.008620595287952466}, "Qubit43": {"e0_mean": 0.011465814277993536, "e0_mode": 0.007659814214563435}, "Qubit44": {"e0_mean": 0.03126487164554749, "e0_mode": 0.024795209960078925}, "Qubit45": {"e0_mean": 0.02708263124270674, "e0_mode": 0.020578841384613553}, "Qubit47": {"e0_mean": 0.007675092558851457, "e0_mode": 0.004969312444882335}, "Qubit48": {"e0_mean": 0.021107049818257815, "e0_mode": 0.015829635132301737}, "Qubit49": {"e0_mean": 0.006944753387477933, "e0_mode": 0.004294619037052803}, "Qubit50": {"e0_mean": 0.01329370055728547, "e0_mode": 0.009436400680105062}, "Qubit51": {"e0_mean": 0.01683018075806072, "e0_mode": 0.012278666420833887}, "Qubit52": {"e0_mean": 0.007682538135104585, "e0_mode": 0.004676388279156319}, "Qubit53": {"e0_mean": 0.006688625506083631, "e0_mode": 0.003958070497688142}, "Qubit54": {"e0_mean": 0.028821977554097586, "e0_mode": 0.02228680045796401}}