{"Qubit1": {"e0_mean": 0.01664160920553289, "e0_mode": 0.006558916500789911}, "Qubit2": {"e0_mean": 0.010336206247253716, "e0_mode": 0.002012895008772729}, "Qubit3": {"e0_mean": 0.010549495462742262, "e0_mode": 0.0015768527945678866}, "Qubit4": {"e0_mean": 0.012619543803815608, "e0_mode": 0.003515126989745443}, "Qubit5": {"e0_mean": 0.019262613218596444, "e0_mode": 0.009113914953206086}, "Qubit6": {"e0_mean": 0.012707901990967769, "e0_mode": 0.006781859466117005}, "Qubit7": {"e0_mean": 0.02242634504779245, "e0_mode": 0.006038685026318183}, "Qubit8": {"e0_mean": 0.009567992089427572, "e0_mode": 0.002590543876790099}, "Qubit9": {"e0_mean": 0.01859476200518105, "e0_mode": 0.011755223074602809}, "Qubit10": {"e0_mean": 0.014817332313336653, "e0_mode": 0.006344907913972034}, "Qubit11": {"e0_mean": 0.017950389212714236, "e0_mode": 0.008138231359340407}, "Qubit12": {"e0_mean": 0.007314708117101015, "e0_mode": 0.0028363520578161172}, "Qubit13": {"e0_mean": 0.013997722319879398, "e0_mode": 0.003952531632911748}, "Qubit14": {"e0_mean": 0.010766442854203431, "e0_mode": 0.0032205813305206843}, "Qubit15": {"e0_mean": 0.010405191900798222, "e0_mode": 0.0014105596721323327}, "Qubit16": {"e0_mean": 0.01908030937254678, "e0_mode": 0.007533575141739637}, "Qubit17": {"e0_mean": 0.016408501002911864, "e0_mode": 0.005272690484618162}, "Qubit18": {"e0_mean": 0.006325459030601964, "e0_mode": 0.0012809331874008274}, "Qubit19": {"e0_mean": 0.013556084653291656, "e0_mode": 0.004229938609314688}, "Qubit20": {"e0_mean": 0.013238653881735299, "e0_mode": 0.0066787412805163395}, "Qubit21": {"e0_mean": 0.01333638243051128, "e0_mode": 0.0053052200916732396}, "Qubit22": {"e0_mean": 0.020247176773152624, "e0_mode": 0.006869074027820833}, "Qubit23": {"e0_mean": 0.02285190450583497, "e0_mode": 0.011894231538163266}, "Qubit24": {"e0_mean": 0.008791317142873898, "e0_mode": 0.0022526468493826953}, "Qubit25": {"e0_mean": 0.01672338076493946, "e0_mode": 0.009565736021958602}, "Qubit26": {"e0_mean": 0.013234957323008445, "e0_mode": 0.0014060507958981773}, "Qubit27": {"e0_mean": 0.017301517608912926, "e0_mode": 0.007440016905967797}, "Qubit28": {"e0_mean": 0.03301347858343093, "e0_mode": 0.02191283225175077}, "Qubit29": {"e0_mean": 0.03159008810291039, "e0_mode": 0.017913556976991266}, "Qubit30": {"e0_mean": 0.02133093557456855, "e0_mode": 0.005630807040941611}, "Qubit31": {"e0_mean": 0.031358493786963024, "e0_mode": 0.018570573390786056}, "Qubit32": {"e0_mean": 0.014762959990360109, "e0_mode": 0.006151472232054526}, "Qubit33": {"e0_mean": 0.008654591624997992, "e0_mode": 0.0020986449882958074}, "Qubit34": {"e0_mean": 0.005695138262578603, "e0_mode": 0.0005829734676462319}, "Qubit35": {"e0_mean": 0.013353074733444357, "e0_mode": 0.006329735501709208}, "Qubit36": {"e0_mean": 0.029977551897309, "e0_mode": 0.016243008588605612}, "Qubit37": {"e0_mean": 0.0141212965691216, "e0_mode": 0.0059795830344260455}, "Qubit38": {"e0_mean": 0.038326300970300854, "e0_mode": 0.026417295818387886}, "Qubit39": {"e0_mean": 0.020956517119584954, "e0_mode": 0.0027448568301446288}, "Qubit40": {"e0_mean": 0.00988400114786272, "e0_mode": 0.004066693974013381}, "Qubit41": {"e0_mean": 0.016839538493361398, "e0_mode": 0.006561479390367987}, "Qubit42": {"e0_mean": 0.01267466238232235, "e0_mode": 0.004144519214146762}, "Qubit43": {"e0_mean": 0.011614041599446009, "e0_mode": 0.002987857941283626}, "Qubit44": {"e0_mean": 0.031184001541865226, "e0_mode": 0.01696477335619414}, "Qubit45": {"e0_mean": 0.027396246152697482, "e0_mode": 0.011194046563856164}, "Qubit47": {"e0_mean": 0.00801877385953044, "e0_mode": 0.0008742591406778637}, "Qubit48": {"e0_mean": 0.021358163360778358, "e0_mode": 0.008857162983295003}, "Qubit49": {"e0_mean": 0.006974647940444418, "e0_mode": 0.002464308721925102}, "Qubit50": {"e0_mean": 0.013732163102722206, "e0_mode": 0.0024615805519456065}, "Qubit51": {"e0_mean": 0.01684456426940591, "e0_mode": 0.007381766678465433}, "Qubit52": {"e0_mean": 0.007773471358672448, "e0_mode": 0.002049460846694981}, "Qubit53": {"e0_mean": 0.007016870438188379, "e0_mode": 0.0010358546825811903}, "Qubit54": {"e0_mean": 0.028957379708859414, "e0_mode": 0.010545380969236323}}