{"Qubit1": {"e0_mean": 0.9783860875722511, "e1_mean": 0.978798838007528, "e0_mode": 0.9549914497821941, "e1_mode": 0.9532922374925227}, "Qubit2": {"e0_mean": 0.953031803862296, "e1_mean": 0.9518728985665893, "e0_mode": 0.9160805555592582, "e1_mode": 0.9211493944931735}, "Qubit3": {"e0_mean": 0.9809979992837614, "e1_mean": 0.9782451840208246, "e0_mode": 0.9613953957908822, "e1_mode": 0.9580189127192453}}