{"Qubit1": {"e0_mean": 0.9809425421797612, "e1_mean": 0.97906669515858, "e0_mode": 0.9610938417621422, "e1_mode": 0.9594424063631249}, "Qubit2": {"e0_mean": 0.9528578408071752, "e1_mean": 0.9504056619694278, "e0_mode": 0.9160805555592582, "e1_mode": 0.9143369837553598}, "Qubit3": {"e0_mean": 0.9817461554591354, "e1_mean": 0.980786147633656, "e0_mode": 0.9488230048424864, "e1_mode": 0.9488725890699512}}